crisis_id,crisis_name,discourse_record_id,source_date,actor_id,actor_name,claim_summary,textual_evidence,international_criteria,bargain_actor_context,settlement_context,constitutional_context,source_ids
CR-1958-60,Decolonization and constitutional transfer to Malagasy Republic,DISC_1958_001,1958-10-14,INST_MALAGASY_REPUBLIC,Malagasy Republic / Republic of Madagascar,Foundational claim that the Malagasy Republic exists as a legal-political entity within the French Community.,Foundational claim that the Malagasy Republic exists as a legal-political entity within the French Community.,,French Republic; French Community; Congress of provincial assemblies; foreign_state_counterparty; constitutional_framework; adopting_body; foreign_state; domestic_collective,"Proclamation of the Malagasy Republic within the French Community; Déclaration commune franco-malgache; Franco-Malagasy cooperation package of independence; Created the Malagasy Republic within the French Community and opened the negotiated path toward sovereign independence.; France recognized Madagascar as an independent and sovereign state; basis for the following independence/cooperation package and international admission.; Sovereignty package covering Community participation, foreign policy, defense, monetary/economic/financial cooperation, justice, higher education, civil aviation, merchant marine, telecommunications, establishment rights, and other cooperation instruments.",C-1958-01; C-1959-01; A-1960-01; creates Malagasy Republic and provisional executive framework; creates First Republic presidential executive framework; modifies 1959 constitutional text after independence; formal_regular; formal_or_regular_revision,DISCSRC_1958_MJP; SRC_ARCHONTOLOGY_HOS; SRC_BARG_1958_01; SRC_BARG_1960_01; SRC_BARG_1960_02; SRC_MJP_1958; SRC_MJP_1959; SRC_MJP_1975
CR-1958-60,Decolonization and constitutional transfer to Malagasy Republic,DISC_1960_001,1960-06-26,INST_MALAGASY_REPUBLIC,Malagasy Republic / Republic of Madagascar,Independence discourse frames sovereignty through negotiated legal recognition between France and Madagascar.,Independence discourse frames sovereignty through negotiated legal recognition between France and Madagascar.,,French Republic; French Community; Congress of provincial assemblies; foreign_state_counterparty; constitutional_framework; adopting_body; foreign_state; domestic_collective,"Proclamation of the Malagasy Republic within the French Community; Déclaration commune franco-malgache; Franco-Malagasy cooperation package of independence; Created the Malagasy Republic within the French Community and opened the negotiated path toward sovereign independence.; France recognized Madagascar as an independent and sovereign state; basis for the following independence/cooperation package and international admission.; Sovereignty package covering Community participation, foreign policy, defense, monetary/economic/financial cooperation, justice, higher education, civil aviation, merchant marine, telecommunications, establishment rights, and other cooperation instruments.",C-1958-01; C-1959-01; A-1960-01; creates Malagasy Republic and provisional executive framework; creates First Republic presidential executive framework; modifies 1959 constitutional text after independence; formal_regular; formal_or_regular_revision,DISCSRC_1960_MJP_DECL; SRC_ARCHONTOLOGY_HOS; SRC_BARG_1958_01; SRC_BARG_1960_01; SRC_BARG_1960_02; SRC_MJP_1958; SRC_MJP_1959; SRC_MJP_1975
CR-1972,Student-worker uprising and transfer from Tsiranana to Ramanantsoa,DISC_1972_001,1972-05-18,COL_STUDENTS_WORKERS,Students and workers movement,Student-worker mobilization framed the crisis as a rejection of the established order and postcolonial dependence.,Student-worker mobilization framed the crisis as a rejection of the established order and postcolonial dependence.,,Philibert Tsiranana; Gabriel Ramanantsoa; Malagasy military / armed forces; French Republic; incumbent_or_counterparty; recipient_or_transfer_actor; coercive_or_transfer_actor; foreign_state_counterparty; state_elite; military_elite; military; foreign_state,"Transfer of full powers from Philibert Tsiranana to General Gabriel Ramanantsoa; 1972 referendum and Loi constitutionnelle provisoire; Revised Franco-Malagasy cooperation accords; Tsiranana handed full powers to General Ramanantsoa to form a government and resolve the 1972 crisis. This was not a negotiated multiparty accord but functioned as the decisive executive settlement.; Popular vote confirmed Ramanantsoa's five-year transition and was followed by the provisional constitutional law of 7 November 1972, replacing the 1959 constitutional order during transition.; Renegotiated the 1960 cooperation regime after the 1972 rupture, including French military/strategic and cooperation questions.",E-1972-01; substitutes for 1959 Constitution and legalizes military-led provisional government; formalized_transition_or_exception,DISCSRC_1972_TV5; SRC_MARCUS_2004; SRC_BARG_1972_01; SRC_BARG_1972_02; SRC_BARG_1973_01; SRC_IMODEV_1972
CR-1972,Student-worker uprising and transfer from Tsiranana to Ramanantsoa,DISC_1972_002,1972-11-07,PER_002,Gabriel Ramanantsoa,The provisional constitutional settlement framed military-led government as necessary to restore order and organize a new constitutional path.,The provisional constitutional settlement framed military-led government as necessary to restore order and organize a new constitutional path.,,Philibert Tsiranana; Gabriel Ramanantsoa; Malagasy military / armed forces; French Republic; incumbent_or_counterparty; recipient_or_transfer_actor; coercive_or_transfer_actor; foreign_state_counterparty; state_elite; military_elite; military; foreign_state,"Transfer of full powers from Philibert Tsiranana to General Gabriel Ramanantsoa; 1972 referendum and Loi constitutionnelle provisoire; Revised Franco-Malagasy cooperation accords; Tsiranana handed full powers to General Ramanantsoa to form a government and resolve the 1972 crisis. This was not a negotiated multiparty accord but functioned as the decisive executive settlement.; Popular vote confirmed Ramanantsoa's five-year transition and was followed by the provisional constitutional law of 7 November 1972, replacing the 1959 constitutional order during transition.; Renegotiated the 1960 cooperation regime after the 1972 rupture, including French military/strategic and cooperation questions.",E-1972-01; substitutes for 1959 Constitution and legalizes military-led provisional government; formalized_transition_or_exception,DISCSRC_1972_MJP_1975; SRC_MARCUS_2004; SRC_BARG_1972_01; SRC_BARG_1972_02; SRC_BARG_1973_01; SRC_IMODEV_1972; ELTSRC_HOS; ELTSRC_PMVP
CR-1975,"Ramanantsoa resignation, Ratsimandrava assassination, Military Directory and Ratsiraka settlement",DISC_1975_001,1975-12-31,PER_005,Didier Ignace Ratsiraka,"The 1975 Socialist Charter and Constitution framed executive authority through revolutionary transformation, national sovereignty, and socialist refoundation.","The 1975 Socialist Charter and Constitution framed executive authority through revolutionary transformation, national sovereignty, and socialist refoundation.",,Gabriel Ramanantsoa; Richard Ratsimandrava; Didier Ignace Ratsiraka; Malagasy military / armed forces; Gilles Andriamahazo; 1975 Military Directorate / Directoire militaire; African Union; recipient_or_transfer_actor; claimant_or_signatory; coercive_or_transfer_actor; military_directorate_head; military_directorate; mediator_observer_or_norm_enforcer; military_elite; state_elite; military; regional_organization,"Ramanantsoa-Ratsimandrava executive transfer arrangement; Military Directorate / Directoire militaire after Ratsimandrava assassination; Ramanantsoa resigned and transferred power to Ratsimandrava. The transfer was soon destabilized by Ratsimandrava's assassination, leading to a military directorate and eventually Ratsiraka.; After Ratsimandrava's assassination, a military directorate temporarily exercised authority before Ratsiraka emerged as the dominant transition leader.",C-1975-01; creates Second Republic and highly concentrated revolutionary executive; formal_regular,DISCSRC_1975_MJP; SRC_BRITANNICA_RATSIMANDRAVA; SRC_BARG_1975_01; SRC_BARG_1975_02; SRC_MJP_1975; ELTSRC_HOS; ELTSRC_PMVP
CR-1991,Forces Vives mobilization and 31 October 1991 transition convention,DISC_1991_001,1991-08-01,COL_FORCES_VIVES,Forces Vives movement,"Forces Vives mobilization framed legitimacy through democracy, free elections, and popular pressure against Ratsiraka’s regime.","Forces Vives mobilization framed legitimacy through democracy, free elections, and popular pressure against Ratsiraka’s regime.",FFKM,Didier Ignace Ratsiraka; Albert Zafy; African Union; Council of Christian Churches in Madagascar / FFKM; Forces Vives movement; Opposition parties and blocs; Political actors / parties; claimant_or_signatory; mediator_observer_or_norm_enforcer; moral_or_religious_mediator; opposition_movement_signatory; opposition_actor; participant_or_code_subject; state_elite; opposition_elite; regional_organization; religious_actor; opposition_movement,"Convention du 31 octobre 1991 / Convention du Panorama; Constitutional incorporation of the 31 October 1991 Convention; Ended the 1991 crisis by creating a transitional architecture in which Ratsiraka remained President symbolically while Albert Zafy headed the Haute Autorité de l'État.; Formalized the Panorama political convention inside the constitutional order, converting negotiated authority into legal transition architecture.",E-1991-01; A-1991-01; E-1992-01; C-1992-01; reallocates authority during democratic transition while maintaining HCC; formalizes 1991 negotiated convention inside constitutional order; implements HCC arrangements under 1991 convention; creates Third Republic semi-presidential constitutional order; formalized_transition_or_exception; formal_or_regular_revision; formal_regular,DISCSRC_1991_SWARTHMORE; SRC_MJP_1991_CONVENTION; SRC_BARG_1991_01; SRC_BARG_1991_02; SRC_HCC_MANUEL; SRC_PERSEE_1991; SRC_ICL_1992
CR-1991,Forces Vives mobilization and 31 October 1991 transition convention,DISC_1991_002,1991-10-31,COL_FORCES_VIVES,Forces Vives movement,"The 1991 Convention transformed crisis claims into a negotiated transition, combining legality, consensus, and national reconciliation.","The 1991 Convention transformed crisis claims into a negotiated transition, combining legality, consensus, and national reconciliation.",FFKM,Didier Ignace Ratsiraka; Albert Zafy; African Union; Council of Christian Churches in Madagascar / FFKM; Forces Vives movement; Opposition parties and blocs; Political actors / parties; claimant_or_signatory; mediator_observer_or_norm_enforcer; moral_or_religious_mediator; opposition_movement_signatory; opposition_actor; participant_or_code_subject; state_elite; opposition_elite; regional_organization; religious_actor; opposition_movement,"Convention du 31 octobre 1991 / Convention du Panorama; Constitutional incorporation of the 31 October 1991 Convention; Ended the 1991 crisis by creating a transitional architecture in which Ratsiraka remained President symbolically while Albert Zafy headed the Haute Autorité de l'État.; Formalized the Panorama political convention inside the constitutional order, converting negotiated authority into legal transition architecture.",E-1991-01; A-1991-01; E-1992-01; C-1992-01; reallocates authority during democratic transition while maintaining HCC; formalizes 1991 negotiated convention inside constitutional order; implements HCC arrangements under 1991 convention; creates Third Republic semi-presidential constitutional order; formalized_transition_or_exception; formal_or_regular_revision; formal_regular,DISCSRC_1991_MJP; SRC_MJP_1991_CONVENTION; SRC_BARG_1991_01; SRC_BARG_1991_02; SRC_HCC_MANUEL; SRC_PERSEE_1991; SRC_ICL_1992
CR-1991,Forces Vives mobilization and 31 October 1991 transition convention,DISC_1991_003,1991-10-31,INST_HCC,Haute Cour Constitutionnelle,The transition convention and later constitutional integration used legal formalization to stabilize an extra-ordinary power-sharing arrangement.,The transition convention and later constitutional integration used legal formalization to stabilize an extra-ordinary power-sharing arrangement.,FFKM,Didier Ignace Ratsiraka; Albert Zafy; African Union; Council of Christian Churches in Madagascar / FFKM; Forces Vives movement; Opposition parties and blocs; Political actors / parties; claimant_or_signatory; mediator_observer_or_norm_enforcer; moral_or_religious_mediator; opposition_movement_signatory; opposition_actor; participant_or_code_subject; state_elite; opposition_elite; regional_organization; religious_actor; opposition_movement,"Convention du 31 octobre 1991 / Convention du Panorama; Constitutional incorporation of the 31 October 1991 Convention; Ended the 1991 crisis by creating a transitional architecture in which Ratsiraka remained President symbolically while Albert Zafy headed the Haute Autorité de l'État.; Formalized the Panorama political convention inside the constitutional order, converting negotiated authority into legal transition architecture.",E-1991-01; A-1991-01; E-1992-01; C-1992-01; reallocates authority during democratic transition while maintaining HCC; formalizes 1991 negotiated convention inside constitutional order; implements HCC arrangements under 1991 convention; creates Third Republic semi-presidential constitutional order; formalized_transition_or_exception; formal_or_regular_revision; formal_regular,DISCSRC_1991_MJP; SRC_MJP_1991_CONVENTION; SRC_BARG_1991_01; SRC_BARG_1991_02; SRC_HCC_MANUEL; SRC_PERSEE_1991; SRC_ICL_1992
CR-1991,Forces Vives mobilization and 31 October 1991 transition convention,DISC_1992_001,1992-09-18,INST_MALAGASY_REPUBLIC,Malagasy Republic / Republic of Madagascar,The 1992 Constitution framed the exit from crisis as a restored constitutional order based on democratic institutions and popular sovereignty.,The 1992 Constitution framed the exit from crisis as a restored constitutional order based on democratic institutions and popular sovereignty.,FFKM,Didier Ignace Ratsiraka; Albert Zafy; African Union; Council of Christian Churches in Madagascar / FFKM; Forces Vives movement; Opposition parties and blocs; Political actors / parties; claimant_or_signatory; mediator_observer_or_norm_enforcer; moral_or_religious_mediator; opposition_movement_signatory; opposition_actor; participant_or_code_subject; state_elite; opposition_elite; regional_organization; religious_actor; opposition_movement,"Convention du 31 octobre 1991 / Convention du Panorama; Constitutional incorporation of the 31 October 1991 Convention; Ended the 1991 crisis by creating a transitional architecture in which Ratsiraka remained President symbolically while Albert Zafy headed the Haute Autorité de l'État.; Formalized the Panorama political convention inside the constitutional order, converting negotiated authority into legal transition architecture.",E-1991-01; A-1991-01; E-1992-01; C-1992-01; reallocates authority during democratic transition while maintaining HCC; formalizes 1991 negotiated convention inside constitutional order; implements HCC arrangements under 1991 convention; creates Third Republic semi-presidential constitutional order; formalized_transition_or_exception; formal_or_regular_revision; formal_regular,DISCSRC_1992_MJP; SRC_MJP_1991_CONVENTION; SRC_BARG_1991_01; SRC_BARG_1991_02; SRC_HCC_MANUEL; SRC_PERSEE_1991; SRC_ICL_1992
CR-2001-02,Ratsiraka–Ravalomanana disputed presidential election and dual authority crisis,DISC_2002_001,2002-05-06,PER_008,Marc Ravalomanana,"Ravalomanana’s claim is coded as electoral mandate discourse: first-round victory, recount, and popular/electoral legitimacy.","Ravalomanana’s claim is coded as electoral mandate discourse: first-round victory, recount, and popular/electoral legitimacy.",INST_SENEGAL; Senegal/Dakar; UN,Didier Ignace Ratsiraka; Marc Ravalomanana; Republic of Senegal / Dakar mediation; United Nations; claimant_or_signatory; host_or_mediator; mediator_or_observer; state_elite; foreign_state; international_organization,"Dakar I Agreement; Dakar II Agreement / Dakar II Settlement Plan; Provided for review/recount of presidential results, referendum if needed, government of national unity, consensus prime minister, and lifting of blockades/violence.; Proposed early legislative elections, transitional government and reconciliation council to settle competing presidential claims, but was overtaken by later political-constitutional developments.; Resolve competing presidential claims through mediated electoral/legal mechanism.; Move from dual authority toward accepted presidential settlement.",,DISCSRC_2002_IRIN; SRC_CRS_2009; SRC_BARG_2002_01; SRC_BARG_2002_02; ELTSRC_HOS
CR-2001-02,Ratsiraka–Ravalomanana disputed presidential election and dual authority crisis,DISC_2002_002,2002-02-22,PER_005,Didier Ignace Ratsiraka,Ratsiraka’s counter-claim is coded as constitutional/procedural legality discourse around the disputed election and runoff process.,Ratsiraka’s counter-claim is coded as constitutional/procedural legality discourse around the disputed election and runoff process.,INST_SENEGAL; Senegal/Dakar; UN,Didier Ignace Ratsiraka; Marc Ravalomanana; Republic of Senegal / Dakar mediation; United Nations; claimant_or_signatory; host_or_mediator; mediator_or_observer; state_elite; foreign_state; international_organization,"Dakar I Agreement; Dakar II Agreement / Dakar II Settlement Plan; Provided for review/recount of presidential results, referendum if needed, government of national unity, consensus prime minister, and lifting of blockades/violence.; Proposed early legislative elections, transitional government and reconciliation council to settle competing presidential claims, but was overtaken by later political-constitutional developments.; Resolve competing presidential claims through mediated electoral/legal mechanism.; Move from dual authority toward accepted presidential settlement.",,DISCSRC_2002_CPJ; SRC_CRS_2009; SRC_BARG_2002_01; SRC_BARG_2002_02
CR-2001-02,Ratsiraka–Ravalomanana disputed presidential election and dual authority crisis,DISC_2002_003,2002-04-18,INST_SENEGAL,Republic of Senegal / Dakar mediation,"Dakar/OAU mediation framed the crisis as requiring negotiated verification, stability, and avoidance of civil conflict.","Dakar/OAU mediation framed the crisis as requiring negotiated verification, stability, and avoidance of civil conflict.",INST_SENEGAL; Senegal/Dakar; UN,Didier Ignace Ratsiraka; Marc Ravalomanana; Republic of Senegal / Dakar mediation; United Nations; claimant_or_signatory; host_or_mediator; mediator_or_observer; state_elite; foreign_state; international_organization,"Dakar I Agreement; Dakar II Agreement / Dakar II Settlement Plan; Provided for review/recount of presidential results, referendum if needed, government of national unity, consensus prime minister, and lifting of blockades/violence.; Proposed early legislative elections, transitional government and reconciliation council to settle competing presidential claims, but was overtaken by later political-constitutional developments.; Resolve competing presidential claims through mediated electoral/legal mechanism.; Move from dual authority toward accepted presidential settlement.",,DISCSRC_2002_DAKAR; SRC_CRS_2009; SRC_BARG_2002_01; SRC_BARG_2002_02
CR-2009,Ravalomanana–Rajoelina crisis and military-backed transfer to HAT,DISC_2009_001,2009-03-17,PER_010,Andry Nirina Rajoelina,Rajoelina’s 2009 claim is coded as popular/revolutionary legitimacy against alleged authoritarianism and exclusion by Ravalomanana.,Rajoelina’s 2009 claim is coded as popular/revolutionary legitimacy against alleged authoritarianism and exclusion by Ravalomanana.,,Marc Ravalomanana; Andry Nirina Rajoelina; Malagasy military / armed forces; Haute Cour Constitutionnelle; Haute Autorité de la Transition; African Union; claimant_or_signatory; claimant_or_transition_actor; coercive_or_transfer_actor; constitutional_court_or_formalizer; transition_authority; mediator_observer_or_norm_enforcer; state_elite; military; judicial_constitutional; transition_institution; regional_organization,"March 2009 military transfer ordinances and HAT institutional arrangement; Power passed from the president to military authority and then to Rajoelina/HAT. This was not a political agreement, but is an equivalent local settlement for executive formation.","A-2009-01; E-2009-01; E-2009-02; E-2009-03; modifies Article 15 shortly before executive rupture; dissolves government and transfers full powers to Military Directory; transfers full powers from Military Directory to Andry Rajoelina; creates HAT, suspends Senate and National Assembly, defines transition executive powers; formal_or_regular_revision; formalized_transition_or_exception",DISCSRC_2009_CRS; SRC_CRS_2009; SRC_BARG_2009_01; SRC_HCC_2009_AMEND; SRC_HCC_2009_ORDS; SRC_ACE_2009_003; ELTSRC_HOS
CR-2009,Ravalomanana–Rajoelina crisis and military-backed transfer to HAT,DISC_2009_002,2009-03-17,PER_008,Marc Ravalomanana,Ravalomanana and his supporters framed the 2009 transfer as a coup and defended constitutional continuity/electoral legality.,Ravalomanana and his supporters framed the 2009 transfer as a coup and defended constitutional continuity/electoral legality.,,Marc Ravalomanana; Andry Nirina Rajoelina; Malagasy military / armed forces; Haute Cour Constitutionnelle; Haute Autorité de la Transition; African Union; claimant_or_signatory; claimant_or_transition_actor; coercive_or_transfer_actor; constitutional_court_or_formalizer; transition_authority; mediator_observer_or_norm_enforcer; state_elite; military; judicial_constitutional; transition_institution; regional_organization,"March 2009 military transfer ordinances and HAT institutional arrangement; Power passed from the president to military authority and then to Rajoelina/HAT. This was not a political agreement, but is an equivalent local settlement for executive formation.","A-2009-01; E-2009-01; E-2009-02; E-2009-03; modifies Article 15 shortly before executive rupture; dissolves government and transfers full powers to Military Directory; transfers full powers from Military Directory to Andry Rajoelina; creates HAT, suspends Senate and National Assembly, defines transition executive powers; formal_or_regular_revision; formalized_transition_or_exception",DISCSRC_2009_CRS; SRC_CRS_2009; SRC_BARG_2009_01; SRC_HCC_2009_AMEND; SRC_HCC_2009_ORDS; SRC_ACE_2009_003
CR-2009,Ravalomanana–Rajoelina crisis and military-backed transfer to HAT,DISC_2009_003,2009-03-17,COL_2009_MD,Military Directory: Hippolyte Raharison Ramaroson; Ranto Rabarisoa; Rivo Hanitra Razafindralambo,The one-day Military Directory is coded as an emergency/necessity transfer actor that converted coercive authority into transitional authority.,The one-day Military Directory is coded as an emergency/necessity transfer actor that converted coercive authority into transitional authority.,,Marc Ravalomanana; Andry Nirina Rajoelina; Malagasy military / armed forces; Haute Cour Constitutionnelle; Haute Autorité de la Transition; African Union; claimant_or_signatory; claimant_or_transition_actor; coercive_or_transfer_actor; constitutional_court_or_formalizer; transition_authority; mediator_observer_or_norm_enforcer; state_elite; military; judicial_constitutional; transition_institution; regional_organization,"March 2009 military transfer ordinances and HAT institutional arrangement; Power passed from the president to military authority and then to Rajoelina/HAT. This was not a political agreement, but is an equivalent local settlement for executive formation.","A-2009-01; E-2009-01; E-2009-02; E-2009-03; modifies Article 15 shortly before executive rupture; dissolves government and transfers full powers to Military Directory; transfers full powers from Military Directory to Andry Rajoelina; creates HAT, suspends Senate and National Assembly, defines transition executive powers; formal_or_regular_revision; formalized_transition_or_exception",DISCSRC_2009_CRS; SRC_CRS_2009; SRC_BARG_2009_01; SRC_HCC_2009_AMEND; SRC_HCC_2009_ORDS; SRC_ACE_2009_003; ELTSRC_PMVP
CR-2009,Ravalomanana–Rajoelina crisis and military-backed transfer to HAT,DISC_2009_004,2009-03-17,INST_HAT,Haute Autorité de la Transition,Ordinance n°2009-003 framed HAT authority through legal organization of public powers after the rupture.,Ordinance n°2009-003 framed HAT authority through legal organization of public powers after the rupture.,,Marc Ravalomanana; Andry Nirina Rajoelina; Malagasy military / armed forces; Haute Cour Constitutionnelle; Haute Autorité de la Transition; African Union; claimant_or_signatory; claimant_or_transition_actor; coercive_or_transfer_actor; constitutional_court_or_formalizer; transition_authority; mediator_observer_or_norm_enforcer; state_elite; military; judicial_constitutional; transition_institution; regional_organization,"March 2009 military transfer ordinances and HAT institutional arrangement; Power passed from the president to military authority and then to Rajoelina/HAT. This was not a political agreement, but is an equivalent local settlement for executive formation.","A-2009-01; E-2009-01; E-2009-02; E-2009-03; modifies Article 15 shortly before executive rupture; dissolves government and transfers full powers to Military Directory; transfers full powers from Military Directory to Andry Rajoelina; creates HAT, suspends Senate and National Assembly, defines transition executive powers; formal_or_regular_revision; formalized_transition_or_exception",DISCSRC_2009_ORD003; SRC_CRS_2009; SRC_BARG_2009_01; SRC_HCC_2009_AMEND; SRC_HCC_2009_ORDS; SRC_ACE_2009_003
CR-2009-10,Maputo/Addis/Ivato transition bargaining after 2009 rupture,DISC_2009_005,2009-08-09,INST_SADC,Southern African Development Community,"The Maputo Charter framed transition through inclusiveness, power sharing, reconciliation, and internationally mediated return to order.","The Maputo Charter framed transition through inclusiveness, power sharing, reconciliation, and internationally mediated return to order.",mediator_guarantor_or_oversight_body; INST_SADC; SADC; UN; OIF,Didier Ignace Ratsiraka; Albert Zafy; Marc Ravalomanana; Andry Nirina Rajoelina; Southern African Development Community; African Union; United Nations; Organisation internationale de la Francophonie; Independent National Electoral Commission; Political actors / parties; Malagasy military / armed forces; Haute Autorité de la Transition; Civil society organizations; Three mouvances / political movement blocs; claimant_or_signatory; claimant_or_transition_actor; mediator_or_guarantor; mediator_observer_or_norm_enforcer,"Accord politique de Maputo; Charte des valeurs; Charte de la Transition; Accord n°1 de Maputo sur l’annulation des charges relatives aux événements de 2002; Accord n°2 de Maputo sur le cas du Président Marc Ravalomanana; Accord n°3 de Maputo sur l’annulation des poursuites et condamnations prononcées durant le régime Ravalomanana; Annexe 1 — Adhésion à la Charte nationale de la transition; Acte additionnel d’Addis-Abeba à la Charte de la Transition malgache; Résolutions des trois mouvances relatives à la mise en application des Accords de Maputo et de l’Acte additionnel d’Addis-Abeba; Accord politique d’Ivato; Core framework agreement of the 2009 crisis; set principles for an inclusive, consensual transition and cross-referenced amnesty/implementation arrangements.; Normative text committing the four leaders to non-violence, non-discrimination, tolerance, forgiveness, reconciliation and respect for promises during negotiations and transition.; Operative transition constitution: transitional presidency, vice-presidency, government of national unity, bicameral transition legislature, reconciliation committee, CENI, constitutional drafting, elections and amnesty framework.; Provided annulment of charges related to the 2002 political events as part of reconciliation/amnesty bargaining.; Addressed the treatment, return/security conditions and political/legal status of former President Marc Ravalomanana during the transition.; Annulled certain prosecutions and convictions of political, civilian and military figures from the Ravalomanana period.; Broadened participation beyond the four main mouvances by adding organizations and entities that adhered to the Transition Charter.","E-2009-04; E-2009-05; E-2010-01; C-2010-01; defines transitional principles, organs, election rules, amnesty and constitution-making principles; adds/clarifies transition power-sharing formula including presidential council logic; sets immediate political path toward referendum and Fourth Republic constitution; creates Fourth Republic and lowers presidential eligibility to 35; institutionalizes transition exit rules; formalized_transition_or_exception; formal_regular",DISCSRC_2009_PAX_MAPUTO; SRC_CRS_2009; SRC_BARG_2009_02; SRC_BARG_2009_03; SRC_BARG_2009_04; SRC_BARG_2009_05; SRC_BARG_2009_06; SRC_BARG_2009_07; SRC_BARG_2009_08; SRC_BARG_2009_09; SRC_BARG_2009_10; SRC_BARG_2010_01; SRC_PAX_2009_CHARTER; SRC_PAX_2009_ADDIS; SRC_MJP_2010_IVATO; SRC_CONSTITUTE_2010
CR-2011,SADC Roadmap implementation crisis,DISC_2011_001,2011-09-17,INST_SADC,Southern African Development Community,"The SADC Roadmap framed legitimacy as return to constitutional order through negotiated, internationally monitored elections.","The SADC Roadmap framed legitimacy as return to constitutional order through negotiated, internationally monitored elections.",mediator_guarantor_or_oversight_body; INST_SADC; SADC; AU,Southern African Development Community; African Union; Parliament / National Assembly; Political actors / parties; mediator_or_guarantor; mediator_observer_or_norm_enforcer; formal_state_actor; participant_or_code_subject; regional_organization; legislature; political_actor,"Feuille de route pour la sortie de crise à Madagascar / SADC Roadmap; Cadre de mise en œuvre de la Feuille de route; Code d’éthique et de bonne conduite politique des acteurs politiques pendant la Transition; Breakthrough settlement after failures of Maputo/Addis/Ivato; provided transitional participation, consensus prime minister, government of national unity, election commitments, amnesty/reconciliation and international accompaniment.; Sequenced implementation of the SADC Roadmap, including consensus prime minister, transitional government and parliament.; Legal code of political conduct required by the Roadmap to regulate political actors during the transition, prevent discriminatory/abusive practices and support crisis-exit conditions.; Return to constitutional order through a roadmap and elections.; Form an inclusive transition government and institutions.; Commit political actors to electoral timetable and crisis exit.; Impose a code of ethical/political conduct during transition.","E-2011-01; sets return-to-order pathway, transition institutions, election and reconciliation commitments; formalized_transition_or_exception",DISCSRC_2011_MJP_ROADMAP; SRC_PEACEMAKER_2011_ROADMAP; SRC_BARG_2011_01; SRC_BARG_2011_02; SRC_BARG_2012_01; SRC_PEACEMAKER_2011
CR-2013,Election eligibility and exit-from-transition crisis,DISC_2013_001,2013-01-01,INST_SADC,Southern African Development Community,"The exit-from-transition debate is coded around eligibility bargaining, exile/return, and acceptability of candidates to local/international actors.","The exit-from-transition debate is coded around eligibility bargaining, exile/return, and acceptability of candidates to local/international actors.",AU; FFKM,Didier Ignace Ratsiraka; Albert Zafy; Marc Ravalomanana; Andry Nirina Rajoelina; Hery Martial Rajaonarimampianina Rakotoarimanana; Council of Christian Churches in Madagascar / FFKM; claimant_or_signatory; claimant_or_transition_actor; incumbent_or_transition_actor; moral_or_religious_mediator; state_elite; opposition_elite; religious_actor,FFKM-mediated five-presidents national reconciliation process; Attempted to stabilize the post-transition order through reconciliation among sitting and former presidents and a national reconciliation forum.,,DISCSRC_2013_ACCORD; SRC_PEACEMAKER_2011_ROADMAP; SRC_BARG_2014_15_01
CR-2018,Electoral law protest and consensus-prime-minister settlement,DISC_2018_001,2018-05-25,INST_HCC,Haute Cour Constitutionnelle,The HCC justified a consensus prime minister and government as a legal-institutional response to political conflict over electoral laws.,The HCC justified a consensus prime minister and government as a legal-institutional response to political conflict over electoral laws.,mediator_guarantor_or_oversight_body; INST_HCC; SADC; AU,Hery Martial Rajaonarimampianina Rakotoarimanana; Christian Louis Ntsay; Haute Cour Constitutionnelle; Haute Autorité de la Transition; Southern African Development Community; African Union; Opposition parties and blocs; Political actors / parties; Parliament / National Assembly; incumbent_or_transition_actor; consensus_prime_minister; constitutional_court_or_formalizer; transition_authority; mediator_or_guarantor; mediator_observer_or_norm_enforcer; opposition_actor; participant_or_code_subject; formal_state_actor,HCC-ordered consensus-prime-minister / unity-government arrangement; HCC ordered the end of the government and appointment of a consensus prime minister; political actors reached an agreement that led to Christian Ntsay's appointment and a consensus government for the electoral period.; Appoint a consensus Prime Minister and form a consensus government.; Revise or implement electoral legal framework to permit presidential election.,,DISCSRC_2018_HCC; SRC_HCC_2018_DEC18; SRC_BARG_2018_01
CR-2018,Electoral law protest and consensus-prime-minister settlement,DISC_2018_002,2018-06-11,PER_013,Christian Louis Ntsay,The 2018 consensus government was framed as a stabilization device to preserve the electoral process and reduce conflict.,The 2018 consensus government was framed as a stabilization device to preserve the electoral process and reduce conflict.,mediator_guarantor_or_oversight_body; INST_HCC; SADC; AU,Hery Martial Rajaonarimampianina Rakotoarimanana; Christian Louis Ntsay; Haute Cour Constitutionnelle; Haute Autorité de la Transition; Southern African Development Community; African Union; Opposition parties and blocs; Political actors / parties; Parliament / National Assembly; incumbent_or_transition_actor; consensus_prime_minister; constitutional_court_or_formalizer; transition_authority; mediator_or_guarantor; mediator_observer_or_norm_enforcer; opposition_actor; participant_or_code_subject; formal_state_actor,HCC-ordered consensus-prime-minister / unity-government arrangement; HCC ordered the end of the government and appointment of a consensus prime minister; political actors reached an agreement that led to Christian Ntsay's appointment and a consensus government for the electoral period.; Appoint a consensus Prime Minister and form a consensus government.; Revise or implement electoral legal framework to permit presidential election.,,DISCSRC_2018_AU; SRC_HCC_2018_DEC18; SRC_BARG_2018_01; ELTSRC_PMVP
CR-2023,Presidential election legitimacy crisis and opposition boycott,DISC_2023_001,2023-11-16,COL_COLLECTIF_CANDIDATS,Collectif des candidats,"Opposition discourse in 2023 framed the election as illegitimate through citizenship, institutional-coup, and exclusion claims.","Opposition discourse in 2023 framed the election as illegitimate through citizenship, institutional-coup, and exclusion claims.",,Opposition parties and blocs; Collectif des candidats; opposition_actor; proposal_author_or_opposition_bloc; opposition,"Collectif des candidats proposal for an interim structure / opposition roadmap; Opposition actors proposed an interim structure/roadmap during the 2023 electoral legitimacy crisis, but it did not become a negotiated national agreement.",,DISCSRC_2023_ALJAZEERA; SRC_COMMONS_2023; SRC_BARG_2023_01
CR-2023,Presidential election legitimacy crisis and opposition boycott,DISC_2023_002,2023-12-16,PER_010,Andry Nirina Rajoelina,Rajoelina’s 2023 claim is coded as electoral mandate/legal continuity after reelection despite opposition contestation.,Rajoelina’s 2023 claim is coded as electoral mandate/legal continuity after reelection despite opposition contestation.,,Opposition parties and blocs; Collectif des candidats; opposition_actor; proposal_author_or_opposition_bloc; opposition,"Collectif des candidats proposal for an interim structure / opposition roadmap; Opposition actors proposed an interim structure/roadmap during the 2023 electoral legitimacy crisis, but it did not become a negotiated national agreement.",,DISCSRC_2023_UKPARL; SRC_COMMONS_2023; SRC_BARG_2023_01; ELTSRC_HOS
CR-2023,Presidential election legitimacy crisis and opposition boycott,DISC_2023_003,2023-10-27,INST_HCC,Haute Cour Constitutionnelle,The HCC framed interim head-of-state functions as legal continuity during the electoral interim period.,The HCC framed interim head-of-state functions as legal continuity during the electoral interim period.,,Opposition parties and blocs; Collectif des candidats; opposition_actor; proposal_author_or_opposition_bloc; opposition,"Collectif des candidats proposal for an interim structure / opposition roadmap; Opposition actors proposed an interim structure/roadmap during the 2023 electoral legitimacy crisis, but it did not become a negotiated national agreement.",,DISCSRC_2023_HCC; SRC_COMMONS_2023; SRC_BARG_2023_01
CR-2025,"Gen Z uprising, CAPSAT defection, Rajoelina vacancy and military head-of-state transition",DISC_2025_001,2025-10-14,COL_GENZ,Gen Z / youth protest movement,"Gen Z mobilization is coded as youth/popular legitimacy built around public-service grievances, corruption, poverty, and rejection of the incumbent order.","Gen Z mobilization is coded as youth/popular legitimacy built around public-service grievances, corruption, poverty, and rejection of the incumbent order.",INST_HCC,Michaël Randrianirina; Malagasy military / armed forces; Haute Cour Constitutionnelle; African Union; transition_head_or_recipient; coercive_or_transfer_actor; constitutional_court_or_formalizer; mediator_observer_or_norm_enforcer; military_elite; military; judicial_constitutional; regional_organization,"HCC Decision n°10-HCC/D3 on resolution of the 2025 political/institutional crisis; HCC ruled on a request concerning exit from the political and institutional crisis, recognized abandonment/vacancy logic and allowed military authority under Colonel Michaël Randrianirina to exercise head-of-state functions.; Recognize vacancy/incapacity and designate authority to exercise head-of-state functions.",E-2025-01; recognizes vacancy and invites military authority to exercise Head-of-State functions while institutions continue; formalized_transition_or_exception,DISCSRC_2025_REUTERS_POWERGRAB; SRC_HCC_2025_DEC10; SRC_BARG_2025_01; SRC_HCC_2025_10
CR-2025,"Gen Z uprising, CAPSAT defection, Rajoelina vacancy and military head-of-state transition",DISC_2025_002,2025-10-14,PER_015,Michaël Randrianirina,"Randrianirina/CAPSAT authority is coded through military arbitration, order restoration, and claimed response to popular mobilization.","Randrianirina/CAPSAT authority is coded through military arbitration, order restoration, and claimed response to popular mobilization.",INST_HCC,Michaël Randrianirina; Malagasy military / armed forces; Haute Cour Constitutionnelle; African Union; transition_head_or_recipient; coercive_or_transfer_actor; constitutional_court_or_formalizer; mediator_observer_or_norm_enforcer; military_elite; military; judicial_constitutional; regional_organization,"HCC Decision n°10-HCC/D3 on resolution of the 2025 political/institutional crisis; HCC ruled on a request concerning exit from the political and institutional crisis, recognized abandonment/vacancy logic and allowed military authority under Colonel Michaël Randrianirina to exercise head-of-state functions.; Recognize vacancy/incapacity and designate authority to exercise head-of-state functions.",E-2025-01; recognizes vacancy and invites military authority to exercise Head-of-State functions while institutions continue; formalized_transition_or_exception,DISCSRC_2025_REUTERS_POWERGRAB; SRC_HCC_2025_DEC10; SRC_BARG_2025_01; SRC_HCC_2025_10; ELTSRC_HOS
CR-2025,"Gen Z uprising, CAPSAT defection, Rajoelina vacancy and military head-of-state transition",DISC_2025_003,2025-10-14,INST_HCC,Haute Cour Constitutionnelle,The HCC framed the 2025 rupture through vacancy/abandonment and formal recognition of a new authority to exercise Head-of-State functions.,The HCC framed the 2025 rupture through vacancy/abandonment and formal recognition of a new authority to exercise Head-of-State functions.,INST_HCC,Michaël Randrianirina; Malagasy military / armed forces; Haute Cour Constitutionnelle; African Union; transition_head_or_recipient; coercive_or_transfer_actor; constitutional_court_or_formalizer; mediator_observer_or_norm_enforcer; military_elite; military; judicial_constitutional; regional_organization,"HCC Decision n°10-HCC/D3 on resolution of the 2025 political/institutional crisis; HCC ruled on a request concerning exit from the political and institutional crisis, recognized abandonment/vacancy logic and allowed military authority under Colonel Michaël Randrianirina to exercise head-of-state functions.; Recognize vacancy/incapacity and designate authority to exercise head-of-state functions.",E-2025-01; recognizes vacancy and invites military authority to exercise Head-of-State functions while institutions continue; formalized_transition_or_exception,DISCSRC_2025_HCC10; SRC_HCC_2025_DEC10; SRC_BARG_2025_01; SRC_HCC_2025_10
CR-2025,"Gen Z uprising, CAPSAT defection, Rajoelina vacancy and military head-of-state transition",DISC_2025_004,2025-10-14,PER_010,Andry Nirina Rajoelina,Rajoelina-aligned counter-discourse is coded as anti-coup/legal continuity and rejection of military takeover after his departure.,Rajoelina-aligned counter-discourse is coded as anti-coup/legal continuity and rejection of military takeover after his departure.,INST_HCC,Michaël Randrianirina; Malagasy military / armed forces; Haute Cour Constitutionnelle; African Union; transition_head_or_recipient; coercive_or_transfer_actor; constitutional_court_or_formalizer; mediator_observer_or_norm_enforcer; military_elite; military; judicial_constitutional; regional_organization,"HCC Decision n°10-HCC/D3 on resolution of the 2025 political/institutional crisis; HCC ruled on a request concerning exit from the political and institutional crisis, recognized abandonment/vacancy logic and allowed military authority under Colonel Michaël Randrianirina to exercise head-of-state functions.; Recognize vacancy/incapacity and designate authority to exercise head-of-state functions.",E-2025-01; recognizes vacancy and invites military authority to exercise Head-of-State functions while institutions continue; formalized_transition_or_exception,DISCSRC_2025_CONSTITUTIONNET; SRC_HCC_2025_DEC10; SRC_BARG_2025_01; SRC_HCC_2025_10
CR-2025-26,Refoundation transition and roadmap legitimacy crisis,DISC_2026_001,2026-02-28,PER_015,Michaël Randrianirina,"The Refoundation Programme frames the transition through national refoundation, consultations, future constitutional redesign, and a managed electoral timetable.","The Refoundation Programme frames the transition through national refoundation, consultations, future constitutional redesign, and a managed electoral timetable.",mediator_guarantor_or_oversight_body; INST_HCC; COL_CONSULTATION_PARTICIPANTS; INST_SADC; FFKM; SADC,Malagasy military / armed forces; Haute Cour Constitutionnelle; African Union; National consultation participants; Council of Christian Churches in Madagascar / FFKM; Civil society organizations; Southern African Development Community; Michaël Randrianirina; coercive_or_transfer_actor; constitutional_court_or_formalizer; mediator_observer_or_norm_enforcer; consulted_actor_categories; moral_or_religious_mediator; participant_or_consulted_actor; mediator_or_guarantor; transition_head_or_recipient; military; judicial_constitutional,"HCC Decision n°16-HCC/D3 on the Refoundation authority; National Consultation for Refoundation / Fifth Republic process; SADC framework for Madagascar transition oversight and draft National Roadmap; Draft National Roadmap / Programme de la Refondation; Clarified the Refoundation authority and the military-led transition structure, consolidating the post-October 2025 executive arrangement.; National consultation launched to support refoundation, constitutional reform and preparation of a possible Fifth Republic. It is a process rather than a signed agreement.; SADC approved deployment of a Panel of Elders, called for restoration of peace, constitutional order and democracy, and directed Madagascar to submit a dialogue-readiness report and draft National Roadmap by 28 Feb 2026 with periodic updates.; Roadmap/programme intended to organize the transition, national dialogue, constitutional reform and electoral timetable toward a return to constitutional order.; Organize the Refoundation authority and clarify transitional hierarchy.; Conduct national consultations for refoundation and Fifth Republic process.; Submit a national roadmap and accept regional oversight/mediation.; Define transition timetable, consultations, referendum and elections under refoundation roadmap.",E-2025-02; E-2026-01; interprets authority of President of Refoundation and recognizes high councillors; sets roadmap toward refoundation and Fifth Republic constitution-making; formalized_transition_or_exception,DISCSRC_2026_REFOUNDATION; SRC_AFRICANEWS_2026_ROADMAP; SRC_BARG_2025_02; SRC_BARG_2025_03; SRC_BARG_2025_04; SRC_BARG_2026_01; SRC_HCC_2025_16; SRC_AMANI_2026_REFOUND
CR-2025-26,Refoundation transition and roadmap legitimacy crisis,DISC_2026_002,2026-05-11,INST_SADC,Southern African Development Community,"International/regional discourse in 2026 emphasizes transition timing, return to elections, and stabilization under regional scrutiny.","International/regional discourse in 2026 emphasizes transition timing, return to elections, and stabilization under regional scrutiny.",mediator_guarantor_or_oversight_body; INST_HCC; COL_CONSULTATION_PARTICIPANTS; INST_SADC; FFKM; SADC,Malagasy military / armed forces; Haute Cour Constitutionnelle; African Union; National consultation participants; Council of Christian Churches in Madagascar / FFKM; Civil society organizations; Southern African Development Community; Michaël Randrianirina; coercive_or_transfer_actor; constitutional_court_or_formalizer; mediator_observer_or_norm_enforcer; consulted_actor_categories; moral_or_religious_mediator; participant_or_consulted_actor; mediator_or_guarantor; transition_head_or_recipient; military; judicial_constitutional,"HCC Decision n°16-HCC/D3 on the Refoundation authority; National Consultation for Refoundation / Fifth Republic process; SADC framework for Madagascar transition oversight and draft National Roadmap; Draft National Roadmap / Programme de la Refondation; Clarified the Refoundation authority and the military-led transition structure, consolidating the post-October 2025 executive arrangement.; National consultation launched to support refoundation, constitutional reform and preparation of a possible Fifth Republic. It is a process rather than a signed agreement.; SADC approved deployment of a Panel of Elders, called for restoration of peace, constitutional order and democracy, and directed Madagascar to submit a dialogue-readiness report and draft National Roadmap by 28 Feb 2026 with periodic updates.; Roadmap/programme intended to organize the transition, national dialogue, constitutional reform and electoral timetable toward a return to constitutional order.; Organize the Refoundation authority and clarify transitional hierarchy.; Conduct national consultations for refoundation and Fifth Republic process.; Submit a national roadmap and accept regional oversight/mediation.; Define transition timetable, consultations, referendum and elections under refoundation roadmap.",E-2025-02; E-2026-01; interprets authority of President of Refoundation and recognizes high councillors; sets roadmap toward refoundation and Fifth Republic constitution-making; formalized_transition_or_exception,DISCSRC_2026_AFRICANEWS; SRC_AFRICANEWS_2026_ROADMAP; SRC_BARG_2025_02; SRC_BARG_2025_03; SRC_BARG_2025_04; SRC_BARG_2026_01; SRC_HCC_2025_16; SRC_AMANI_2026_REFOUND
